Soekarno-Hatta International Airport (Banten),Singapore Changi Airport (Singapore),One way,1,January,2023,08:00,Adult,Economy,1.1,Nicholas,Male,213213213213,Nicholas@gmail.com,Nicholas123#,1775010.
Soekarno-Hatta International Airport (Banten),Singapore Changi Airport (Singapore),Round trip,1,January,2023,08:00,2,January,2023,11:00,Adult,Economy,1.2,1.2,Helo,Female,12321323123,Helo@gmail.com,Helo123#,4437525.
Soekarno-Hatta International Airport (Banten),Singapore Changi Airport (Singapore),Round trip,1,January,2023,08:00,2,January,2023,11:00,Adult,Economy,2.3,4.2,Halo,Female,213123213213,Halo@gmail.id,Halo213$,4437525.
Soekarno-Hatta International Airport (Banten),Singapore Changi Airport (Singapore),One way,1,January,2023,08:00,Adult,Economy,1.5,Heko,Female,21321321213,Heko@gmail.com,Heko213%,1775010.
Soekarno-Hatta International Airport (Banten),Singapore Changi Airport (Singapore),Round trip,1,January,2023,12:00,2,January,2023,11:00,Adult,Economy,2.1,4.4,Final2,Male,21312323123,Final2@gmail.com,Final123#,4437525.
Soekarno-Hatta International Airport (Banten),Singapore Changi Airport (Singapore),One way,1,January,2023,08:00,Adult,Economy,8.5,Final3,Female,23213112323,Final3@gmail.com,Final123@,1775010.
Soekarno-Hatta International Airport (Banten),Singapore Changi Airport (Singapore),Round trip,2,January,2023,08:00,21,January,2023,16:00,Adult,Economy,1.3,4.2,Final5,Male,2312312231,Final5@gmail.com,Final123#,4437525.
Soekarno-Hatta International Airport (Banten),Singapore Changi Airport (Singapore),One way,31,December,2022,08:00,Adult,Economy,1.1,Andrew,Male,123123213123,Andrew@gmail.co,Andrew213#,1775010.
Soekarno-Hatta International Airport (Banten),Singapore Changi Airport (Singapore),Round trip,1,January,2023,08:00,2,January,2023,16:00,Adult,Economy,2.2,7.1,William,Male,123123213213,William@gmail.com,Will123#,4437525.
Soekarno-Hatta International Airport (Banten),Singapore Changi Airport (Singapore),One way,1,January,2023,08:00,Adult,Economy,7.4,Grace,Female,23112312213,GRace@gmail.com,Grace123#,1775010.
Soekarno-Hatta International Airport (Banten),Singapore Changi Airport (Singapore),One way,1,January,2023,08:00,Adult,Economy,6.2,Nicsteve,Male,12312332123,Nicsteve@gmail.com,Nicsteve123#,1775010.
Soekarno-Hatta International Airport (Banten),Singapore Changi Airport (Singapore),Round trip,18,October,2023,08:00,19,October,2023,11:00,Adult,Economy,1.1,1.1,Andrew,Male,123123123123,andrew@gmail.com,#Test123,4437525.
Soekarno-Hatta International Airport (Banten),Singapore Changi Airport (Singapore),Round trip,13,December,2023,08:00,14,December,2023,11:00,Adult,Economy,1.1,2.1,adasda,Male,123213123213,halo@gmail.com,#Hello123,4437525.
